{
  "accuracy": 0.7606,
  "confusion_matrix": [
    [
      518,
      53
    ],
    [
      134,
      76
    ]
  ],
  "classification_report": {
    "Standard": {
      "precision": 0.7944785276073619,
      "recall": 0.9071803852889667,
      "f1-score": 0.8470973017170891,
      "support": 571.0
    },
    "High Value": {
      "precision": 0.5891472868217055,
      "recall": 0.3619047619047619,
      "f1-score": 0.44837758112094395,
      "support": 210.0
    },
    "accuracy": 0.7605633802816901,
    "macro avg": {
      "precision": 0.6918129072145337,
      "recall": 0.6345425735968643,
      "f1-score": 0.6477374414190165,
      "support": 781.0
    },
    "weighted avg": {
      "precision": 0.7392678226585939,
      "recall": 0.7605633802816901,
      "f1-score": 0.7398871335670373,
      "support": 781.0
    }
  },
  "feature_importance": {
    "Gender Encoded": 0.0,
    "Category Encoded": 0.0026745765882604726,
    "Item Purchased Encoded": 0.01156453506699694,
    "Age": 0.03851098157939442,
    "Purchase Amount (USD)": 0.9472499067653483
  },
  "features_used": [
    "Age",
    "Gender Encoded",
    "Category Encoded",
    "Item Purchased Encoded",
    "Purchase Amount (USD)"
  ],
  "target": "High Value Customer (1 = high value, 0 = standard)"
}